branch,type,title,doi,year,url
por_asignar,misc,TCDS F(\sigma),,2025,
por_asignar,article,3IATLAS,10.5281/ZENODO.17224905,2025,https://zenodo.org/doi/10.5281/zenodo.17224905
por_asignar,misc,Paradigma F√çSICA,10.5281/ZENODO.17443586,2025,https://zenodo.org/doi/10.5281/zenodo.17443586
por_asignar,misc,Sistema predictivo de defensa S√≠smica,10.5281/ZENODO.17451385,2025,https://zenodo.org/doi/10.5281/zenodo.17451385
por_asignar,misc,TCDS F(\sigma),,2025,
por_asignar,misc,"""Reloj Causal TCDS y Segundo Coherencial Predictivo (SCP)"",",10.5281/ZENODO.17570393,2025,https://zenodo.org/doi/10.5281/zenodo.17570393
por_asignar,misc,3I ATLAS FRACTURA POR CHOQUE T√âRMICO,10.5281/ZENODO.17561711,2025,https://zenodo.org/doi/10.5281/zenodo.17561711
por_asignar,misc,COHERENCIA UNIVERSAL,10.5281/ZENODO.17458955,,http://doi.org/10.5281/zenodo.17458955
por_asignar,misc,CROMODIN√ÅMICA Y PREDICCIONES  de 3I ATLAS,10.5281/ZENODO.17148573,2025,https://zenodo.org/doi/10.5281/zenodo.17148573
por_asignar,misc,Compendio de Investigaci√≥nes TCDS,10.5281/ZENODO.17459148,2025,https://zenodo.org/doi/10.5281/zenodo.17459148
por_asignar,misc,El Pivote Metrol√≥gico TCDS: Del Tiempo Pasivo (t_M) al Segundo Coherencial Predictivo (t_C),10.5281/ZENODO.17555261,2025,https://zenodo.org/doi/10.5281/zenodo.17555261
por_asignar,misc,Estudio cient√≠fico TCDS ‚Äî Estructura Œ£‚Äìœá y validaci√≥n multidominio,10.5281/ZENODO.17469327,2025,https://zenodo.org/doi/10.5281/zenodo.17469327
por_asignar,misc,Estudio de la Conciencia,10.5281/ZENODO.17498171,2025,https://zenodo.org/doi/10.5281/zenodo.17498171
por_asignar,misc,Evento Cero TCDS ‚Äî √çndice t_C Puebla‚ÄìMorelos (2017),10.5281/ZENODO.17606032,2025,https://zenodo.org/doi/10.5281/zenodo.17606032
por_asignar,misc,Evento Cero TCDS ‚Äî √çndice t_C Regional del Sismo M7.1 Puebla‚ÄìMorelos (2017): Implementaci√≥n Operacional en Termux‚ÄìAndroid,10.5281/ZENODO.17605698,2025,https://zenodo.org/doi/10.5281/zenodo.17605698
por_asignar,misc,Experimentacion y valodacion de SIMBIOSIS HUMANO IA,10.5281/ZENODO.17462750,2025,https://zenodo.org/doi/10.5281/zenodo.17462750
por_asignar,misc,La Mente,10.5281/ZENODO.17584200,2025,https://zenodo.org/doi/10.5281/zenodo.17584200
por_asignar,misc,MENTE TCDS,10.5281/ZENODO.17584492,2025,https://zenodo.org/doi/10.5281/zenodo.17584492
por_asignar,misc,Paquete de estudio TCDS sobre La Mente,10.5281/ZENODO.17584450,2025,https://zenodo.org/doi/10.5281/zenodo.17584450
por_asignar,misc,Predicciones espectrosc√≥picas y composici√≥n del objeto interestelar 3I/ATLAS,10.5281/ZENODO.17562117,2025,https://zenodo.org/doi/10.5281/zenodo.17562117
por_asignar,misc,"Presentacion de ""LA TEOR√çA CROMODIN√ÅMICA SINCR√ìNICA""",10.5281/ZENODO.17504243,2025,https://zenodo.org/doi/10.5281/zenodo.17504243
por_asignar,misc,Puentes F√≠sicos,10.5281/ZENODO.17510316,2025,https://zenodo.org/doi/10.5281/zenodo.17510316
por_asignar,misc,SigmaFET\_TCDS,10.5281/ZENODO.17458693,,http://doi.org/10.5281/zenodo.17458693
por_asignar,misc,Sistema predictivo de defensa S√≠smica,10.5281/ZENODO.17451373,2025,https://zenodo.org/doi/10.5281/zenodo.17451373
por_asignar,misc,Sistema predictivo de defensa S√≠smica,10.5281/ZENODO.17451453,2025,https://zenodo.org/doi/10.5281/zenodo.17451453
por_asignar,misc,Sistema predictivo de defensa S√≠smica,10.5281/ZENODO.17452020,2025,https://zenodo.org/doi/10.5281/zenodo.17452020
por_asignar,misc,Sistema predictivo de defensa S√≠smica 2.1,10.5281/ZENODO.17505340,2025,https://zenodo.org/doi/10.5281/zenodo.17505340
por_asignar,misc,TCDS 31 ATLAS PREDICCION,10.5281/ZENODO.17560070,2025,https://zenodo.org/doi/10.5281/zenodo.17560070
por_asignar,misc,TCDS 3I ATLAS VALIDACION 2025,10.5281/ZENODO.17555759,2025,https://zenodo.org/doi/10.5281/zenodo.17555759
por_asignar,misc,TCDS \textemdash M{\'e}tricas y Protocolos Can{\'o}nicos,10.5281/ZENODO.17458809,,http://doi.org/10.5281/zenodo.17458809
por_asignar,misc,TCDS ‚Äî Sistema Predictivo S√≠smico Œ£-Predictivo: Validaci√≥n Emp√≠rica del Campo de Coherencia en la Tierra,10.5281/ZENODO.17507622,2025,https://zenodo.org/doi/10.5281/zenodo.17507622
por_asignar,misc,TCDS-LICENCIAS: Licencias del Proyecto TCDS,10.5281/ZENODO.17498200,2025,https://zenodo.org/doi/10.5281/zenodo.17498200
por_asignar,article,"TCDS-Œ£ Business Plan & Dossier (Dual License, GA4, Web Vitals)",10.5281/ZENODO.17494368,2025,https://zenodo.org/doi/10.5281/zenodo.17494368
por_asignar,article,"TCDS-Œ£ Business Plan & Dossier (Dual License, GA4, Web Vitals)",10.5281/ZENODO.17494318,2025,https://zenodo.org/doi/10.5281/zenodo.17494318
por_asignar,misc,TCDS_GOOGLE_SMETRICS,10.5281/ZENODO.17470632,2025,https://zenodo.org/doi/10.5281/zenodo.17470632
por_asignar,misc,TCDS_Gradiente_Economico,10.5281/ZENODO.17491112,2025,https://zenodo.org/doi/10.5281/zenodo.17491112
por_asignar,misc,Teor√≠a TCDS,10.5281/ZENODO.17505875,2025,https://zenodo.org/doi/10.5281/zenodo.17505875
por_asignar,misc,geozunac3536-jpg/3I_ATLAS_TCDS_arXiv_ready: Predicci√≥n Post Perihelio 3I ATLAS,10.5281/ZENODO.17560150,2025,https://zenodo.org/doi/10.5281/zenodo.17560150
por_asignar,misc,geozunac3536-jpg/LBCU: TCDS v1.0.0: Teor√≠a Operacional y Compendio Inicial,10.5281/ZENODO.17462568,2025,https://zenodo.org/doi/10.5281/zenodo.17462568
por_asignar,misc,geozunac3536-jpg/Proyecto_TCDS: üß≠ TCDS ‚Äî N√∫cleo Te√≥rico y Auditor√≠a Trazable (v1.0.0),10.5281/ZENODO.17504507,2025,https://zenodo.org/doi/10.5281/zenodo.17504507
por_asignar,misc,geozunac3536-jpg/TCDS-NODO: Paradigma falsable de coherencia universal derivado del marco TCDS,10.5281/ZENODO.17463045,2025,https://zenodo.org/doi/10.5281/zenodo.17463045
por_asignar,misc,geozunac3536-jpg/TCDS-Portal-de-Documentos: Portal de Documentos e investigaciones TCDS,10.5281/ZENODO.17450327,2025,https://zenodo.org/doi/10.5281/zenodo.17450327
por_asignar,misc,geozunac3536-jpg/TCDS-SISTEMA-PREDICTIVO: Cromodin√°micasincr√≥nica,10.5281/ZENODO.17452046,2025,https://zenodo.org/doi/10.5281/zenodo.17452046
por_asignar,misc,geozunac3536-jpg/TCDS-SISTEMA-PREDICTIVO: TCDS v1.0.0: Teor√≠a Operacional y Compendio Inicial,10.5281/ZENODO.17463490,2025,https://zenodo.org/doi/10.5281/zenodo.17463490
por_asignar,misc,geozunac3536-jpg/TCDS-Teoria-Operacional: TCDS v1.0.0: Teor√≠a Operacional y Compendio Inicial,10.5281/ZENODO.17460101,2025,https://zenodo.org/doi/10.5281/zenodo.17460101
por_asignar,misc,geozunac3536-jpg/TCDS-Teoria-Operacional: TCDS v1.0.0: Teor√≠a Operacional y Compendio Inicial,10.5281/ZENODO.17460891,2025,https://zenodo.org/doi/10.5281/zenodo.17460891
por_asignar,misc,geozunac3536-jpg/TCDS-UNIFICADO: Cromodin√°micasincr√≥nica,10.5281/ZENODO.17450317,2025,https://zenodo.org/doi/10.5281/zenodo.17450317
por_asignar,misc,geozunac3536-jpg/TCDS-UNIFICADO: TCDS v1.0.0: Teor√≠a Operacional y Compendio Inicial,10.5281/ZENODO.17462595,2025,https://zenodo.org/doi/10.5281/zenodo.17462595
